{
  "num_nodes": 16800,
  "num_edges": 22684,
  "density": 8.037609948437974e-05,
  "avg_in_degree": 1.3502380952380952,
  "avg_out_degree": 1.3502380952380952,
  "max_in_degree": 312,
  "max_out_degree": 33,
  "num_weakly_connected": 4175,
  "num_strongly_connected": 16566,
  "max_generation": 24,
  "nodes_in_largest_wcc": 11772,
  "nodes_by_type": {
    "theorem": 10220,
    "lemma": 6549,
    "example": 31
  },
  "nodes_by_domain": {
    "Algebra": 16800
  }
}