{
  "num_queries": 498,
  "candidate_pool_size": 2000,
  "mrr": 0.031714704214357806,
  "top1_acc": 0.012048192771084338,
  "top5_acc": 0.040160642570281124,
  "top10_acc": 0.060240963855421686,
  "top100_acc": 0.26305220883534136,
  "median_rank": 355,
  "mean_rank": 504.9759036144578,
  "rank_std": 495.58902869528833
}