{
  "db_path": "/home/blueman1818/Projects/theta-core/data/observations/phase1_falling.json",
  "num_scenarios": 10,
  "scenario_ids": [
    "falling_ball_straight_drop",
    "falling_ball_upward_throw",
    "falling_ball_varying_mass",
    "pendulum_small_angle",
    "pendulum_large_angle",
    "spring_undamped",
    "spring_damped_light",
    "projectile_45deg",
    "projectile_90deg",
    "sliding_block_incline"
  ],
  "n_sigma": 3.0,
  "seed": 42,
  "noise_levels": {
    "LOW": {
      "noise_level": "LOW",
      "sigma_pct": 0.01,
      "aggregate_noise_floor": 0.474087,
      "aggregate_threshold": 0.924375,
      "min_threshold": 0.862445,
      "max_threshold": 0.999,
      "per_scenario": {
        "falling_ball_straight_drop": {
          "noise_floor": 0.5453548614960804,
          "sigma_floor": 0.12403102225606029,
          "threshold": 0.9174479282642612,
          "num_calibration_exprs": 75
        },
        "falling_ball_upward_throw": {
          "noise_floor": 0.3359953580000605,
          "sigma_floor": 0.2521571258391806,
          "threshold": 0.999,
          "num_calibration_exprs": 75
        },
        "falling_ball_varying_mass": {
          "noise_floor": 0.5453548614960804,
          "sigma_floor": 0.12403102225606029,
          "threshold": 0.9174479282642612,
          "num_calibration_exprs": 75
        },
        "pendulum_small_angle": {
          "noise_floor": 0.4961689364417617,
          "sigma_floor": 0.126746734342403,
          "threshold": 0.8764091394689706,
          "num_calibration_exprs": 75
        },
        "pendulum_large_angle": {
          "noise_floor": 0.49221097095034194,
          "sigma_floor": 0.1497084279163581,
          "threshold": 0.9413362546994163,
          "num_calibration_exprs": 75
        },
        "spring_undamped": {
          "noise_floor": 0.2282980411840412,
          "sigma_floor": 0.2395546779439009,
          "threshold": 0.9469620750157439,
          "num_calibration_exprs": 70
        },
        "spring_damped_light": {
          "noise_floor": 0.2858039263067912,
          "sigma_floor": 0.19221376262295706,
          "threshold": 0.8624452141756623,
          "num_calibration_exprs": 70
        },
        "projectile_45deg": {
          "noise_floor": 0.6824033950294847,
          "sigma_floor": 0.1534042131408534,
          "threshold": 0.999,
          "num_calibration_exprs": 75
        },
        "projectile_90deg": {
          "noise_floor": 0.5816157221409992,
          "sigma_floor": 0.09636265113466201,
          "threshold": 0.8707036755449853,
          "num_calibration_exprs": 75
        },
        "sliding_block_incline": {
          "noise_floor": 0.5476608944135839,
          "sigma_floor": 0.12177940745157474,
          "threshold": 0.9129991167683081,
          "num_calibration_exprs": 75
        }
      }
    },
    "MEDIUM": {
      "noise_level": "MEDIUM",
      "sigma_pct": 0.03,
      "aggregate_noise_floor": 0.47569,
      "aggregate_threshold": 0.921776,
      "min_threshold": 0.859762,
      "max_threshold": 0.999,
      "per_scenario": {
        "falling_ball_straight_drop": {
          "noise_floor": 0.5448600469518491,
          "sigma_floor": 0.12341939994551668,
          "threshold": 0.9151182467883991,
          "num_calibration_exprs": 75
        },
        "falling_ball_upward_throw": {
          "noise_floor": 0.3382970085506877,
          "sigma_floor": 0.24858102063137424,
          "threshold": 0.999,
          "num_calibration_exprs": 75
        },
        "falling_ball_varying_mass": {
          "noise_floor": 0.5448600469518491,
          "sigma_floor": 0.12341939994551668,
          "threshold": 0.9151182467883991,
          "num_calibration_exprs": 75
        },
        "pendulum_small_angle": {
          "noise_floor": 0.5085661086563024,
          "sigma_floor": 0.1170653873002813,
          "threshold": 0.8597622705571463,
          "num_calibration_exprs": 75
        },
        "pendulum_large_angle": {
          "noise_floor": 0.49386556622433847,
          "sigma_floor": 0.1475508754924795,
          "threshold": 0.9365181927017769,
          "num_calibration_exprs": 75
        },
        "spring_undamped": {
          "noise_floor": 0.22979915633780387,
          "sigma_floor": 0.2379465294986011,
          "threshold": 0.9436387448336072,
          "num_calibration_exprs": 70
        },
        "spring_damped_light": {
          "noise_floor": 0.2860776818934134,
          "sigma_floor": 0.19199114317795815,
          "threshold": 0.8620511114272879,
          "num_calibration_exprs": 70
        },
        "projectile_45deg": {
          "noise_floor": 0.6814217226325507,
          "sigma_floor": 0.1522861243333097,
          "threshold": 0.999,
          "num_calibration_exprs": 75
        },
        "projectile_90deg": {
          "noise_floor": 0.5812838510897758,
          "sigma_floor": 0.09622378150194424,
          "threshold": 0.8699551955956085,
          "num_calibration_exprs": 75
        },
        "sliding_block_incline": {
          "noise_floor": 0.5478665356916165,
          "sigma_floor": 0.12324423974399346,
          "threshold": 0.9175992549235968,
          "num_calibration_exprs": 75
        }
      }
    },
    "HIGH": {
      "noise_level": "HIGH",
      "sigma_pct": 0.05,
      "aggregate_noise_floor": 0.476277,
      "aggregate_threshold": 0.922237,
      "min_threshold": 0.862892,
      "max_threshold": 0.999,
      "per_scenario": {
        "falling_ball_straight_drop": {
          "noise_floor": 0.5440919901846062,
          "sigma_floor": 0.12381978783654052,
          "threshold": 0.9155513536942277,
          "num_calibration_exprs": 75
        },
        "falling_ball_upward_throw": {
          "noise_floor": 0.34037443680915286,
          "sigma_floor": 0.2451674820341659,
          "threshold": 0.999,
          "num_calibration_exprs": 75
        },
        "falling_ball_varying_mass": {
          "noise_floor": 0.5440919901846062,
          "sigma_floor": 0.1238197878365405,
          "threshold": 0.9155513536942277,
          "num_calibration_exprs": 75
        },
        "pendulum_small_angle": {
          "noise_floor": 0.5126323048592641,
          "sigma_floor": 0.11823160612468472,
          "threshold": 0.8673271232333183,
          "num_calibration_exprs": 75
        },
        "pendulum_large_angle": {
          "noise_floor": 0.4967673987187273,
          "sigma_floor": 0.14187946206717358,
          "threshold": 0.922405784920248,
          "num_calibration_exprs": 75
        },
        "spring_undamped": {
          "noise_floor": 0.2310839620153588,
          "sigma_floor": 0.23652192946701367,
          "threshold": 0.9406497504163998,
          "num_calibration_exprs": 70
        },
        "spring_damped_light": {
          "noise_floor": 0.28578455559976895,
          "sigma_floor": 0.1923692317688554,
          "threshold": 0.862892250906335,
          "num_calibration_exprs": 70
        },
        "projectile_45deg": {
          "noise_floor": 0.6797297196968174,
          "sigma_floor": 0.15057758746166475,
          "threshold": 0.999,
          "num_calibration_exprs": 75
        },
        "projectile_90deg": {
          "noise_floor": 0.5806332098829223,
          "sigma_floor": 0.09610985606974044,
          "threshold": 0.8689627780921436,
          "num_calibration_exprs": 75
        },
        "sliding_block_incline": {
          "noise_floor": 0.5475765338933761,
          "sigma_floor": 0.1278172391695886,
          "threshold": 0.931028251402142,
          "num_calibration_exprs": 75
        }
      }
    }
  }
}