{
  "expression": "-1*g*m*h+0.5*(1*v*m*-1*v)",
  "train_score": 0.9999999802966576,
  "test_score": 0.9835106902968744,
  "depth": 6,
  "expansions": 314,
  "train_ids": [
    "falling_ball_straight_drop",
    "falling_ball_upward_throw",
    "falling_ball_varying_mass",
    "projectile_45deg",
    "projectile_90deg",
    "sliding_block_incline"
  ],
  "test_ids": [
    "pendulum_small_angle",
    "pendulum_large_angle"
  ],
  "train_constancies": [
    1.0,
    0.9999999850333705,
    1.0,
    0.9999999162702283,
    0.9999999850333705,
    0.9999999954429766
  ],
  "test_constancies": [
    0.9996625616223848,
    0.9673588189713641
  ]
}