{
  "architecture": "per_domain_composer",
  "domains": [
    "gravity",
    "spring",
    "em"
  ],
  "classifier_params": 1571,
  "generator_params": {
    "gravity": 120090,
    "spring": 120090,
    "em": 120090
  },
  "training_stats": {
    "classifier": {
      "epoch_loss": [
        0.6983499725659689,
        0.6812010089556376,
        0.6614566604296367,
        0.630191973845164,
        0.5786832531293233,
        0.5198478619257609,
        0.45523123343785604,
        0.40711893935998283,
        0.38353396356105807,
        0.36716745495796205,
        0.3538178702195485,
        0.3291342387596766,
        0.29844216307004295,
        0.2839391802748044,
        0.253183447321256,
        0.2592269907395045,
        0.24678440193335216,
        0.2222025272746881,
        0.1872611289223035,
        0.17928326452771823,
        0.17076849254469076,
        0.17141743873556456,
        0.16554861093560855,
        0.1668313793838024,
        0.14842298825581868,
        0.1537355581919352,
        0.1461929661532243,
        0.1431457304706176,
        0.12430873562892278,
        0.14252393282949924,
        0.11220240583643318,
        0.13994302960733573,
        0.11327371162672838,
        0.11386406775563955,
        0.10715108532458543,
        0.10339254892120758,
        0.09383249462892612,
        0.089666065822045,
        0.08697447326655189,
        0.08373510809615255,
        0.07768070111051202,
        0.07116079966848095,
        0.06791253828754028,
        0.07095471542949477,
        0.08068947506447634,
        0.05133914782976111,
        0.05331073058769107,
        0.05354725470145543,
        0.04757973868399858,
        0.045651371497660874
      ]
    },
    "generators": {
      "gravity": {
        "train_loss": [
          2.381510376930237,
          1.083383746445179,
          0.5763856843113899,
          0.4212533012032509,
          0.33015534840524197,
          0.2791497828438878,
          0.23396821040660143,
          0.23121954128146172,
          0.18332016514614224,
          0.1481843520887196,
          0.1490755407139659,
          0.11982079013250768,
          0.1152365009766072,
          0.10658424883149564,
          0.08495567552745342,
          0.07729949057102203,
          0.06871989509090781,
          0.06782300327904522,
          0.056155736558139324,
          0.060314560076221824,
          0.054599691880866885,
          0.04573960800189525,
          0.047115195891819894,
          0.0707849707105197,
          0.045817548292689025,
          0.044256402645260096,
          0.05881343351211399,
          0.09538281208369881,
          0.0473957845242694,
          0.04683708539232612,
          0.044020192231982946,
          0.038053344818763435,
          0.043419905356131494,
          0.03231980017153546,
          0.020968031021766365,
          0.03458540671272203,
          0.025326359958853573,
          0.03175656095845625,
          0.02506080939201638,
          0.03832104936009273,
          0.038262806192506105,
          0.03620467672590166,
          0.02338351809885353,
          0.0423758965334855,
          0.031176673306617886,
          0.027852194849401712,
          0.02817648262134753,
          0.021656246040947735,
          0.024856746720615774,
          0.016561764990910888
        ],
        "train_acc": [
          0.35714285714285715,
          0.7119815668202765,
          0.836405529953917,
          0.8847926267281107,
          0.8963133640552995,
          0.9216589861751152,
          0.9447004608294931,
          0.9516129032258065,
          0.9539170506912442,
          0.9723502304147466,
          0.9585253456221198,
          0.967741935483871,
          0.9723502304147466,
          0.9723502304147466,
          0.9769585253456221,
          0.9792626728110599,
          0.9815668202764977,
          0.9792626728110599,
          0.9792626728110599,
          0.9861751152073732,
          0.9861751152073732,
          0.9838709677419355,
          0.9838709677419355,
          0.9838709677419355,
          0.9907834101382489,
          0.9907834101382489,
          0.9815668202764977,
          0.9769585253456221,
          0.9861751152073732,
          0.9861751152073732,
          0.9838709677419355,
          0.988479262672811,
          0.9907834101382489,
          0.9953917050691244,
          0.9976958525345622,
          0.9861751152073732,
          0.9976958525345622,
          0.9907834101382489,
          0.9907834101382489,
          0.9930875576036866,
          0.9861751152073732,
          0.988479262672811,
          0.9976958525345622,
          0.9953917050691244,
          0.9907834101382489,
          0.9930875576036866,
          0.9953917050691244,
          0.9953917050691244,
          0.9930875576036866,
          0.9976958525345622
        ]
      },
      "spring": {
        "train_loss": [
          4.059991240501404,
          2.7121888399124146,
          2.268089175224304,
          1.8096520900726318,
          1.6229513883590698,
          1.3655015230178833,
          1.2301126718521118,
          1.0582442581653595,
          0.9190045893192291,
          0.768327921628952,
          0.6505904197692871,
          0.8489824831485748,
          0.5689167529344559,
          0.559708833694458,
          0.48578155040740967,
          0.4684363156557083,
          0.6004043072462082,
          0.5892354995012283,
          0.45180411636829376,
          0.3825005143880844,
          0.4386144280433655,
          0.3934459537267685,
          0.26144493371248245,
          0.2569747418165207,
          0.24206453561782837,
          0.25101684778928757,
          0.3550240248441696,
          0.342390738427639,
          0.22587724030017853,
          0.19248390942811966,
          0.2785620465874672,
          0.2707434892654419,
          0.19638432189822197,
          0.1959768608212471,
          0.15285909175872803,
          0.13054027408361435,
          0.13112612068653107,
          0.147666085511446,
          0.2525528855621815,
          0.167226392775774,
          0.12697157263755798,
          0.11844976805150509,
          0.29730095714330673,
          0.20410051941871643,
          0.07579899579286575,
          0.10857067815959454,
          0.197255440056324,
          0.10572335124015808,
          0.1176956482231617,
          0.09638729318976402
        ],
        "train_acc": [
          0.023255813953488372,
          0.12790697674418605,
          0.27906976744186046,
          0.4418604651162791,
          0.46511627906976744,
          0.6395348837209303,
          0.627906976744186,
          0.7325581395348837,
          0.7093023255813954,
          0.7674418604651163,
          0.7674418604651163,
          0.7906976744186046,
          0.813953488372093,
          0.7906976744186046,
          0.8372093023255814,
          0.872093023255814,
          0.8837209302325582,
          0.872093023255814,
          0.8837209302325582,
          0.8953488372093024,
          0.8837209302325582,
          0.8837209302325582,
          0.9186046511627907,
          0.9186046511627907,
          0.9186046511627907,
          0.9186046511627907,
          0.9302325581395349,
          0.9186046511627907,
          0.9186046511627907,
          0.9534883720930233,
          0.9418604651162791,
          0.9186046511627907,
          0.9302325581395349,
          0.9302325581395349,
          0.9651162790697675,
          0.9302325581395349,
          0.9302325581395349,
          0.9534883720930233,
          0.9651162790697675,
          0.9069767441860465,
          0.9651162790697675,
          0.9534883720930233,
          0.9418604651162791,
          0.9651162790697675,
          0.9767441860465116,
          0.9418604651162791,
          0.9534883720930233,
          0.9651162790697675,
          0.9534883720930233,
          0.9651162790697675
        ]
      },