{
  "architecture": "per_domain_composer",
  "domains": [
    "gravity",
    "spring",
    "em",
    "thermal"
  ],
  "classifier_params": 2116,
  "generator_params": {
    "gravity": 50454,
    "spring": 123702,
    "em": 50454,
    "thermal": 50454,
    "collision": 41382
  },
  "training_stats": {
    "classifier": {
      "epoch_loss": [
        0.7192105650901794,
        0.6919370810190837,
        0.6601958473523458,
        0.6047688126564026,
        0.534639964501063,
        0.43776289423306786,
        0.3665597011645635,
        0.31918532649676007,
        0.2949181059996287,
        0.29147224922974907,
        0.2837124784787496,
        0.2646445666750272,
        0.2637408087650935,
        0.23950575888156891,
        0.23920264293750126,
        0.21342705289522806,
        0.2020292893052101,
        0.1919025128086408,
        0.1855777328213056,
        0.15380062758922577
      ]
    },
    "generators": {
      "gravity": {
        "train_loss": [
          3.4613129794597626,
          2.4810255765914917,
          1.8882302790880203,
          1.3404372185468674,
          0.9597562998533249,
          0.7256745807826519,
          0.5900628194212914,
          0.5166198723018169,
          0.44621892645955086,
          0.34441656805574894,
          0.35888468846678734,
          0.3027020674198866,
          0.267741909250617,
          0.2771926261484623,
          0.22954875882714987,
          0.2111680405214429,
          0.17751173675060272,
          0.17239255318418145,
          0.16224280837923288,
          0.15166498580947518,
          0.14279574947431684,
          0.13472896069288254,
          0.12365722749382257,
          0.11691631888970733,
          0.11604534974321723,
          0.11377470521256328,
          0.11107107438147068,
          0.11636020382866263,
          0.11075899098068476,
          0.09564578044228256,
          0.09844383248127997,
          0.09185780491679907,
          0.0811207122169435,
          0.1091905350331217,
          0.09621575684286654,
          0.08470766409300268,
          0.07093237619847059,
          0.0704394148197025,
          0.10753558436408639,
          0.06798137025907636,
          0.059438496828079224,
          0.059050515526905656,
          0.05462580476887524,
          0.06059612147510052,
          0.057259485591202974,
          0.06305678945500404,
          0.07489365886431187,
          0.05868611880578101,
          0.06066392012871802,
          0.0693997215712443
        ],
        "train_acc": [
          0.08755760368663594,
          0.3870967741935484,
          0.5622119815668203,
          0.7764976958525346,
          0.8225806451612904,
          0.8709677419354839,
          0.9055299539170507,
          0.9216589861751152,
          0.9262672811059908,
          0.9354838709677419,
          0.9423963133640553,
          0.9354838709677419,
          0.9400921658986175,
          0.9493087557603687,
          0.9539170506912442,
          0.9539170506912442,
          0.956221198156682,
          0.9654377880184332,
          0.9585253456221198,
          0.9700460829493087,
          0.967741935483871,
          0.967741935483871,
          0.9723502304147466,
          0.967741935483871,
          0.967741935483871,
          0.9654377880184332,
          0.9700460829493087,
          0.9769585253456221,
          0.9700460829493087,
          0.9746543778801844,
          0.9723502304147466,
          0.9746543778801844,
          0.9792626728110599,
          0.9746543778801844,
          0.9769585253456221,
          0.9723502304147466,
          0.9861751152073732,
          0.9838709677419355,
          0.9723502304147466,
          0.9815668202764977,
          0.9838709677419355,
          0.988479262672811,
          0.9861751152073732,
          0.9838709677419355,
          0.9861751152073732,
          0.988479262672811,
          0.9838709677419355,
          0.9861751152073732,
          0.9861751152073732,
          0.9815668202764977
        ]
      },
      "spring": {
        "train_loss": [
          3.847013473510742,
          3.088370442390442,
          2.586371064186096,
          2.184574604034424,
          2.020970582962036,
          1.9014933705329895,
          1.6026273369789124,
          1.4091915488243103,
          1.1821865439414978,
          1.020993173122406,
          0.880765289068222,
          0.8650903105735779,
          0.8770168721675873,
          0.6558310985565186,
          0.637030839920044,
          0.5499216467142105,
          0.6400479227304459,
          0.4586802273988724,
          0.4860837161540985,
          0.4280545562505722,
          0.46746671199798584,
          0.5173836350440979,
          0.38969892263412476,
          0.32030483335256577,
          0.3840300887823105,
          0.29697655886411667,
          0.25955042988061905,
          0.3256961703300476,
          0.35208214819431305,
          0.26278045028448105,
          0.427963562309742,
          0.32543469965457916,
          0.2015039287507534,
          0.22464365512132645,
          0.20949054509401321,
          0.2564317435026169,
          0.18211977183818817,
          0.16269637644290924,
          0.14061946608126163,
          0.12523434311151505,
          0.17861507833003998,
          0.11740638688206673,
          0.13412493839859962,
          0.18809517472982407,
          0.09129354543983936,
          0.19312895461916924,
          0.1268247626721859,
          0.11434783041477203,
          0.1960555762052536,
          0.11779133044183254
        ],
        "train_acc": [
          0.06976744186046512,
          0.11627906976744186,
          0.29069767441860467,
          0.4069767441860465,
          0.47674418604651164,
          0.5581395348837209,
          0.5813953488372093,
          0.6046511627906976,
          0.7325581395348837,
          0.7441860465116279,
          0.8255813953488372,
          0.8023255813953488,
          0.8488372093023255,
          0.8372093023255814,
          0.7790697674418605,
          0.8488372093023255,
          0.8604651162790697,
          0.8837209302325582,
          0.8604651162790697,
          0.9069767441860465,
          0.8953488372093024,
          0.8953488372093024,
          0.9186046511627907,
          0.9186046511627907,
          0.8953488372093024,
          0.9186046511627907,
          0.9302325581395349,
          0.8837209302325582,
          0.9186046511627907,
          0.9418604651162791,
          0.9186046511627907,
          0.9418604651162791,
          0.9302325581395349,
          0.9418604651162791,
          0.9302325581395349,
          0.9418604651162791,
          0.9418604651162791,
          0.9534883720930233,
          0.9418604651162791,
          0.9418604651162791,
          0.9534883720930233,
          0.9651162790697675,
          0.9302325581395349,
          0.9418604651162791,
          0.9651162790697675,
          0.9651162790697675,
          0.9534883720930233,
          0.9651162790697675,
          0.9767441860465116,
          0.9651162790697675
        ]
      },