{
  "num_nodes": 16842,
  "num_edges": 22430,
  "density": 7.908019557537174e-05,
  "avg_in_degree": 1.3317895736848355,
  "avg_out_degree": 1.3317895736848355,
  "max_in_degree": 312,
  "max_out_degree": 32,
  "num_weakly_connected": 4260,
  "num_strongly_connected": 16608,
  "max_generation": 20,
  "nodes_in_largest_wcc": 11703,
  "nodes_by_type": {
    "lemma": 6602,
    "theorem": 10209,
    "example": 31
  },
  "nodes_by_domain": {
    "Algebra": 16842
  }
}