{
  "experiment": "ERA_GATE",
  "description": "Train pre-1905, test post-1905 physics discovery",
  "training_config": {
    "total_scenarios": 162,
    "domain_counts": {
      "gravity": 36,
      "spring": 18,
      "em": 30,
      "thermal": 58,
      "collision": 20
    },
    "quantity_count": 33,
    "post1905_leakage": [],
    "clean": true,
    "pre1905_files": [
      "mechanics_synthetic.json",
      "em_synthetic.json",
      "thermal_synthetic.json"
    ],
    "train_discoveries": [
      {
        "expression": "-1*m*g*h+0.5*(-1*m*v*v)",
        "train_score": 0.9999999616342145,
        "test_score": 0.9999999819097383,
        "depth": 6,
        "expansions_needed": 262,
        "train_constancies": [
          0.9999999675362855,
          0.9999999728164223,
          0.9999999641674489,
          0.9999999705892921,
          0.9999999647098113,
          0.9999999232402553,
          0.9999999464239067,
          0.9999999835902933
        ],
        "test_constancies": [
          0.999999988428112,
          0.9999999753913645
        ],
        "timestamp": 1782095400.1064289
      },
      {
        "expression": "T/T*R",
        "train_score": 1.0,
        "test_score": 1.0,
        "depth": 3,
        "expansions_needed": 180,
        "train_constancies": [
          1.0,
          1.0,
          1.0,
          1.0,
          1.0,
          1.0,
          1.0,
          1.0,
          1.0,
          1.0,
          1.0,
          1.0,
          1.0,
          1.0,
          1.0,
          1.0,
          1.0,
          1.0,
          1.0,
          1.0,
          1.0,
          1.0,
          1.0,
          1.0,
          1.0,
          1.0,
          1.0,
          1.0,
          1.0,
          1.0,
          1.0,
          1.0,
          1.0,
          1.0,
          1.0,
          1.0,
          1.0,
          1.0,
          1.0,
          1.0,
          1.0,
          1.0,
          1.0,
          1.0,
          1.0,
          1.0,
          1.0,
          1.0,
          1.0,
          1.0,
          1.0,
          1.0,
          1.0,
          1.0,
          1.0,
          1.0,
          1.0
        ],
        "test_constancies": [
          1.0
        ],
        "timestamp": 1782095505.9396777
      }
    ]
  },
  "leakage_check": {
    "clean": true,
    "violations": {},
    "pre1905_domains": [
      "gravity",
      "spring",
      "em",
      "thermal",
      "collision"
    ],
    "pre1905_symmetries": [
      "galilean",
      "u1"
    ],
    "pre1905_tactics": [
      "ring",
      "field_simp",
      "nlinarith",
      "calc"
    ]
  },
  "scenarios": {
    "special_relativity": {
      "scenario_name": "special_relativity",
      "domain": "relativistic",
      "description": "Muon lifetime measurements demonstrating time dilation.",
      "expected_invariant": "E^2 - (p*c)^2",
      "expected_symmetry": "lorentz_invariant",
      "best_expression": "E*E",
      "best_constancy": 1.0,
      "noise_level": "LOW",
      "noise_floor": 0.85,
      "noise_threshold": 0.8948866666666666,
      "known_groups_matched": [],
      "discovered_generators": [
        "time_translation"
      ],
      "discovered_group_name": "\u211d (time translation)",
      "symmetry_score": 1.0,
      "breakthrough_type": "conserved_quantity",
      "is_breakthrough": true,
      "p_value": 0.0008325212979045649,
      "num_discoveries": 57,
      "discoveries": [
        {
          "expression": "E*E",
          "constancy": 1.0,
          "constancy_error": 0.0,
          "passes_gate": true,
          "p_value": 0.0008325212979045649,
          "domain": "relativistic"
        },
        {
          "expression": "E*tau0",
          "constancy": 1.0,
          "constancy_error": 0.0,
          "passes_gate": true,
          "p_value": 0.0008325212979045649,
          "domain": "relativistic"
        },
        {
          "expression": "E*tau",
          "constancy": 1.0,
          "constancy_error": 0.0,
          "passes_gate": true,
          "p_value": 0.0008325212979045649,
          "domain": "relativistic"
        },
        {
          "expression": "E^2",
          "constancy": 1.0,
          "constancy_error": 0.0,
          "passes_gate": true,
          "p_value": 0.0008325212979045649,
          "domain": "relativistic"
        },
        {
          "expression": "E/c",
          "constancy": 1.0,
          "constancy_error": 0.0,
          "passes_gate": true,
          "p_value": 0.0008325212979045649,
          "domain": "relativistic"
        },
        {
          "expression": "E/v",
          "constancy": 1.0,
          "constancy_error": 0.0,
          "passes_gate": true,
          "p_value": 0.0008325212979045649,
          "domain": "relativistic"
        },
        {
          "expression": "tau/v",
          "constancy": 1.0,
          "constancy_error": 0.0,
          "passes_gate": true,
          "p_value": 0.0008325212979045649,
          "domain": "relativistic"
        },
        {
          "expression": "tau0/v",
          "constancy": 1.0,
          "constancy_error": 0.0,
          "passes_gate": true,
          "p_value": 0.0008325212979045649,
          "domain": "relativistic"
        },
        {
          "expression": "v",
          "constancy": 0.9175086666666666,
          "constancy_error": 0.023446471724618435,
          "passes_gate": true,
          "p_value": 0.1325864147598863,
          "domain": "relativistic"
        },
        {
          "expression": "c*v",
          "constancy": 0.9175086666666666,
          "constancy_error": 0.023446471724618435,
          "passes_gate": true,
          "p_value": 0.1325864147598863,
          "domain": "relativistic"
        }
      ]
    },
    "general_relativity": {
      "scenario_name": "general_relativity",
      "domain": "relativistic",
      "description": "Mercury perihelion precession \u2014 43 arcsec/century anomaly.",
      "expected_invariant": "delta_phi_obs*a*(1-e^2)",
      "expected_symmetry": "schwarzschild",
      "best_expression": "-1^delta_phi_gr",
      "best_constancy": 1.0,
      "noise_level": "LOW",
      "noise_floor": 0.5,
      "noise_threshold": 0.8,
      "known_groups_matched": [],
      "discovered_generators": [
        "time_translation",
        "space_translation_x",
        "space_translation_y",
        "space_translation_z",
        "rotation_xy",
        "rotation_xz",
        "rotation_yz",
        "boost_x",
        "boost_y",
        "boost_z",
        "u1_phase"
      ],
      "discovered_group_name": "lorentz_poincare_like",
      "symmetry_score": 0.0,
      "breakthrough_type": "conserved_quantity",
      "is_breakthrough": true,
      "p_value": 5.733031436250258e-07,
      "num_discoveries": 112,
      "discoveries": [
        {
          "expression": "-1^delta_phi_gr",
          "constancy": 1.0,
          "constancy_error": 0.0,
          "passes_gate": true,
          "p_value": 5.733031436250258e-07,
          "domain": "relativistic"
        },
        {
          "expression": "delta_phi_gr/M_sun",
          "constancy": 1.0,
          "constancy_error": 0.0,
          "passes_gate": true,
          "p_value": 5.733031436250258e-07,
          "domain": "relativistic"
        },
        {
          "expression": "delta_phi_gr^0",
          "constancy": 1.0,
          "constancy_error": 0.0,
          "passes_gate": true,
          "p_value": 5.733031436250258e-07,
          "domain": "relativistic"
        },
        {
          "expression": "1^delta_phi_gr",
          "constancy": 1.0,
          "constancy_error": 0.0,
          "passes_gate": true,
          "p_value": 5.733031436250258e-07,
          "domain": "relativistic"
        },
        {
          "expression": "0/delta_phi_gr",
          "constancy": 1.0,
          "constancy_error": 0.0,
          "passes_gate": true,
          "p_value": 5.733031436250258e-07,