{
  "classifier_stats": {
    "epoch_loss": [
      0.6131610391845166,
      0.4120667492839652,
      0.27552194809409936,
      0.18893816500482424,
      0.14418573189579265,
      0.10821543497518754,
      0.08727720644797238,
      0.0648075184509368,
      0.0485117769944416,
      0.03813395753148681,
      0.031009773076118404,
      0.027029942816228305,
      0.026704522420350516,
      0.018546163681632196,
      0.017536094821300884,
      0.015293880110413072,
      0.013402555077205556,
      0.01079989237195163,
      0.009979348240090653,
      0.009839818240258135,
      0.011752352203959008,
      0.009937276931325446,
      0.0066146879505307055,
      0.008317335598329803,
      0.006716636636476426,
      0.00662878128359423,
      0.005431105346104513,
      0.004792113343798301,
      0.006267297021955708,
      0.006951323295293727
    ]
  },
  "quantum_stats": {
    "train_loss": [
      3.445319096247355,
      2.3857697745164237,
      1.8731939792633057,
      1.3590762217839558,
      0.9976172099510828,
      0.7298324803511301,
      0.5381810069084167,
      0.42518795281648636,
      0.3699902643760045,
      0.25930383428931236,
      0.22573161125183105,
      0.18875264252225557,
      0.15140417590737343,
      0.15698246223231158,
      0.12273986016710599,
      0.1300150187065204,
      0.08875661871085565,
      0.09967777381340663,
      0.0859633618965745,
      0.08532441376398008,
      0.11345639949043591,
      0.09993524057790637,
      0.044986527878791094,
      0.05287292102972666,
      0.05746836649874846,
      0.04843258593852321,
      0.05865179607644677,
      0.04637120384722948,
      0.044661472706745066,
      0.0328564642307659,
      0.029446362052112818,
      0.02281255042180419,
      0.032832152132565774,
      0.037758760542298354,
      0.037142351657773055,
      0.058486857218667865,
      0.03283151208112637,
      0.028584439773112535,
      0.025542701516921323,
      0.0225070642773062,
      0.028567175458495814,
      0.022294274996966124,
      0.018160284962505102,
      0.013028488339235386,
      0.01620572991669178,
      0.014321186502153674,
      0.012369953173523148,
      0.015789541687505942,
      0.026891992272188265,
      0.012009480424846211,
      0.012523275489608446,
      0.032093644297371306,
      0.012057240741948286,
      0.014358468547773858,
      0.01526700829466184,
      0.009381136468922099,
      0.01981221737029652,
      0.015483004817118248,
      0.02064512687502429,
      0.027080868215610582,
      0.027719376026652753,
      0.04538104791815082,
      0.0077210663973043365,
      0.009251474402844906,
      0.007694293822472294,
      0.00654032186139375,
      0.011494511466783782,
      0.008061216600860158,
      0.005338891176506877,
      0.007765391084831208,
      0.0066658200036423905,
      0.006936674743580322,
      0.007060955356185635,
      0.005074272281490266,
      0.00899869828329732,
      0.004398706679542859,
      0.0051271714037284255,
      0.029802560243600357,
      0.019780118270621944,
      0.008050251538710048
    ],
    "train_acc": [
      0.16666666666666666,
      0.30092592592592593,
      0.5092592592592593,
      0.7546296296296297,
      0.8240740740740741,
      0.875,
      0.8981481481481481,
      0.9444444444444444,
      0.9537037037037037,
      0.9861111111111112,
      0.9814814814814815,
      0.9814814814814815,
      0.9953703703703703,
      0.9768518518518519,
      0.9814814814814815,
      0.9768518518518519,
      0.9907407407407407,
      0.9722222222222222,
      0.9953703703703703,
      0.9722222222222222,
      0.9722222222222222,
      0.9722222222222222,
      1.0,
      1.0,
      0.9907407407407407,
      0.9953703703703703,
      0.9907407407407407,
      0.9907407407407407,
      0.9953703703703703,
      1.0,
      1.0,
      1.0,
      1.0,
      0.9953703703703703,
      0.9907407407407407,
      0.9953703703703703,
      0.9953703703703703,
      0.9907407407407407,
      1.0,
      1.0,
      0.9907407407407407,
      0.9953703703703703,
      1.0,
      1.0,
      1.0,
      1.0,
      1.0,
      0.9953703703703703,
      0.9953703703703703,
      1.0,
      1.0,
      0.9907407407407407,
      1.0,
      1.0,
      1.0,
      1.0,
      0.9953703703703703,
      0.9953703703703703,
      0.9953703703703703,
      0.9907407407407407,
      0.9953703703703703,
      0.9907407407407407,
      1.0,
      1.0,
      1.0,
      1.0,
      0.9953703703703703,
      1.0,
      1.0,
      1.0,
      1.0,
      1.0,
      1.0,
      1.0,
      1.0,
      1.0,
      1.0,
      0.9907407407407407,
      0.9953703703703703,
      1.0
    ]
  },
  "relativity_stats": {
    "train_loss": [
      3.8021396963219893,
      2.7648259213096216,
      2.104036651159588,
      1.6322833895683289,
      1.226273210425126,
      0.9599364070515883,
      0.752642705252296,
      0.5847121696723135,
      0.5119342015762078,
      0.4215008016479643,
      0.4198465613942397,
      0.3527101999834964,
      0.3168809543314733,
      0.2864050625970489,
      0.2465803572221806,
      0.2209612252680879,
      0.20097154124002709,
      0.22765587034978366,
      0.18706482501798555,
      0.15341773982110776,
      0.1542346037336086,
      0.13612839226659976,
      0.1623361629286879,
      0.1317806934055529,
      0.13879117232404256,
      0.13770237202314953,
      0.12552132898647533,
      0.14583010981349567,
      0.12070002803873074,
      0.09776383530544608,
      0.09989003337135441,
      0.09748940409994439,
      0.09503311350157387,
      0.0889992433060941,
      0.069719321829708,
      0.059919369210930246,
      0.08841089786667573,
      0.09246066928301987,
      0.08536892727409538,
      0.07768522649023094,
      0.05576761062011907,
      0.06499334493357885,
      0.06867787646325796,
      0.06669269899200451,
      0.05837857777154759,
      0.07319014360147871,
      0.07229228655954725,
      0.05749414961687044,
      0.04069447845808769,
      0.05265355338097403,
      0.05710030834827768,
      0.047404308876905,
      0.050464340130259334,
      0.044433102501850376,
      0.05027214427919764,
      0.05160095094163951,
      0.03794249794200847,
      0.04864500602707267,
      0.03455444381229187,
      0.04849158239697939,
      0.03977630599892061,
      0.03917692773240177,
      0.03939682532003835,
      0.04219453491417593,
      0.02371844846608215,
      0.029671947569831422,
      0.05208458249016028,
      0.04380555389645068,
      0.020493311433758783,
      0.04384329468992196,
      0.07771627801029306,
      0.04758750066455258,
      0.03437842812242085,
      0.023211860453317825,
      0.02635765051175105,
      0.02595485543440047,
      0.03187236021959076,
      0.04769701525372894,
      0.03135939708322679,
      0.03191414033062756
    ],