{
  "architecture": "per_domain_composer",
  "domains": [
    "gravity",
    "spring",
    "em"
  ],
  "classifier_params": 1571,
  "generator_params": {
    "gravity": 48186,
    "spring": 120090,
    "em": 48186,
    "collision": 39338
  },
  "training_stats": {
    "classifier": {
      "epoch_loss": [
        0.6983499725659689,
        0.6812010089556376,
        0.6614566604296367,
        0.630191973845164,
        0.5786832531293233,
        0.5198478619257609,
        0.45523123343785604,
        0.40711893935998283,
        0.38353396356105807,
        0.36716745495796205,
        0.3538178702195485,
        0.3291342387596766,
        0.29844216307004295,
        0.2839391802748044,
        0.253183447321256,
        0.2592269907395045,
        0.24678440193335216,
        0.2222025272746881,
        0.1872611289223035,
        0.17928326452771823
      ]
    },
    "generators": {
      "gravity": {
        "train_loss": [
          3.171687513589859,
          2.127217337489128,
          1.5828159153461456,
          1.0097485706210136,
          0.7910009250044823,
          0.6313345730304718,
          0.567267294973135,
          0.4771841876208782,
          0.41992053762078285,
          0.3624112345278263,
          0.32802567072212696,
          0.2993169743567705,
          0.2945955656468868,
          0.24339320044964552,
          0.24270066805183887,
          0.2060886500403285,
          0.19023750349879265,
          0.2015640251338482,
          0.16624803468585014,
          0.15956870978698134,
          0.138177958317101,
          0.15577078144997358,
          0.1295635919086635,
          0.18481827434152365,
          0.18037938605993986,
          0.11745453160256147,
          0.11412857891991735,
          0.10088579496368766,
          0.10272009740583599,
          0.0975752747617662
        ],
        "train_acc": [
          0.1543778801843318,
          0.3870967741935484,
          0.5714285714285714,
          0.7419354838709677,
          0.7880184331797235,
          0.8341013824884793,
          0.847926267281106,
          0.8847926267281107,
          0.9032258064516129,
          0.9124423963133641,
          0.9147465437788018,
          0.923963133640553,
          0.9400921658986175,
          0.9447004608294931,
          0.9308755760368663,
          0.9493087557603687,
          0.9539170506912442,
          0.9308755760368663,
          0.9585253456221198,
          0.9631336405529954,
          0.9585253456221198,
          0.9585253456221198,
          0.9654377880184332,
          0.956221198156682,
          0.9608294930875576,
          0.9700460829493087,
          0.9631336405529954,
          0.9746543778801844,
          0.9723502304147466,
          0.9746543778801844
        ]
      },
      "spring": {
        "train_loss": [
          3.9478042125701904,
          2.8898266553878784,
          2.507193684577942,
          2.069319009780884,
          1.7957700490951538,
          1.493805468082428,
          1.393534243106842,
          1.2368719577789307,
          1.0655179619789124,
          0.7456750571727753,
          0.7812420129776001,
          0.5984411835670471,
          0.5742768347263336,
          0.4852791875600815,
          0.43924108147621155,
          0.37821611016988754,
          0.3426090255379677,
          0.496270015835762,
          0.33888888359069824,
          0.2991997003555298,
          0.2742595374584198,
          0.27900852262973785,
          0.4193369746208191,
          0.3239643722772598,
          0.29516245424747467,
          0.24029402434825897,
          0.25362127274274826,
          0.30903394520282745,
          0.22053862363100052,
          0.2437356412410736
        ],
        "train_acc": [
          0.0,
          0.20930232558139536,
          0.3023255813953488,
          0.3023255813953488,
          0.47674418604651164,
          0.5465116279069767,
          0.6046511627906976,
          0.627906976744186,
          0.7441860465116279,
          0.8023255813953488,
          0.8488372093023255,
          0.8488372093023255,
          0.813953488372093,
          0.8604651162790697,
          0.872093023255814,
          0.8953488372093024,
          0.9069767441860465,
          0.9069767441860465,
          0.9302325581395349,
          0.9069767441860465,
          0.8837209302325582,
          0.8953488372093024,
          0.9302325581395349,
          0.9302325581395349,
          0.9418604651162791,
          0.9302325581395349,
          0.9186046511627907,
          0.9186046511627907,
          0.9302325581395349,
          0.9534883720930233
        ]
      },
      "em": {
        "train_loss": [
          4.132192134857178,
          3.818007707595825,
          3.4060795307159424,
          3.2288098335266113,
          2.9744553565979004,
          2.791727304458618,
          2.4879860877990723,
          2.3546249866485596,
          2.27714204788208,
          2.1411948204040527,
          2.298579692840576,
          1.9478397369384766,
          2.0443122386932373,
          2.0242369174957275,
          1.9134601354599,
          1.9042940139770508,
          1.8062318563461304,
          1.6603658199310303,
          1.5436784029006958,
          1.403893232345581,
          1.5852973461151123,
          1.3730424642562866,
          1.3712751865386963,
          1.2222176790237427,
          1.1730786561965942,
          1.095906138420105,
          1.022039771080017,
          1.0311992168426514,
          1.0093878507614136,
          0.9201809167861938
        ],
        "train_acc": [
          0.0,
          0.0,
          0.05,
          0.15,
          0.2,
          0.3,
          0.3,
          0.4,
          0.35,
          0.25,
          0.3,
          0.45,
          0.4,
          0.3,
          0.5,
          0.45,
          0.55,
          0.5,
          0.6,
          0.65,
          0.6,
          0.7,
          0.65,
          0.7,
          0.7,
          0.8,
          0.7,
          0.8,
          0.75,
          0.8
        ]
      },
      "collision": {
        "train_loss": [
          3.1885342597961426,
          2.6186301708221436,
          2.488274097442627,
          2.246612548828125,
          2.0379369258880615,
          1.8421804904937744,
          1.6287180185317993,
          1.644086241722107,
          1.574992299079895,
          1.2696752548217773,
          1.2113163471221924,
          1.1547319889068604,
          0.9895316958427429,
          0.9473487734794617,
          0.9629030823707581,
          0.8532982468605042,
          0.8168268799781799,
          0.7543926239013672,
          0.7011128067970276,
          0.5968597531318665,
          0.6073402166366577,
          0.5526063442230225,
          0.5081936120986938,
          0.4869796931743622,
          0.4871200919151306,
          0.4125334322452545,
          0.4273242950439453,
          0.41603776812553406,
          0.33656004071235657,
          0.39055335521698
        ],
        "train_acc": [
          0.0625,
          0.21875,
          0.375,
          0.53125,
          0.53125,
          0.5,
          0.71875,
          0.53125,
          0.625,
          0.78125,
          0.78125,
          0.71875,
          0.84375,
          0.90625,
          0.875,
          0.9375,
          0.875,
          0.84375,
          0.90625,
          0.9375,
          0.9375,
          0.90625,
          0.875,
          1.0,
          0.96875,
          0.96875,
          0.90625,
          1.0,
          0.96875,
          0.9375
        ]
      }
    }
  },
  "evaluations": [
    {
      "name": "gravity_only",
      "quantities": [
        "m",
        "g",
        "h",
        "v"
      ],
      "active_domains": [
        "gravity"
      ],
      "composed_expression": "m*g*h + 0.5*m*v^2",
      "observation_id": "falling_ball_straight_drop",
      "constancy_score": 1.0,